92_weak-chicken.py;0;169_GeminiC.py;100.0;
674_LZ1994.py;1;160_i_am_xiaoshagua.py;100.0;
403_tanakat01.py;2;199_tomtung.py;100.0;3;485_gera2ld.py;100.0;
189_tsunamixiao.py;4;784_KeyiRen.py;100.0;5;574_azala.py;100.0;6;426_dabien1.py;100.0;
470_wangYiTiaoYu.py;7;235_mapleisle.py;100.0;8;209_JDEP.py;100.0;
227_mkcmkc.py;9;928_jazzcat.py;100.0;10;795_JustADeveloper.py;100.0;11;599_aahph.py;100.0;12;429_myadav908.py;100.0;
235_mapleisle.py;13;209_JDEP.py;100.0;
485_gera2ld.py;14;199_tomtung.py;100.0;
744_yaroslav-repeta.py;15;567_it_boy94.py;100.0;
604_HowToPlayO_O.py;16;555_intdude.py;100.0;
590_foreveriii.py;17;469_chang_you_ren.py;100.0;
429_myadav908.py;18;928_jazzcat.py;100.0;19;795_JustADeveloper.py;100.0;20;599_aahph.py;100.0;
426_dabien1.py;21;784_KeyiRen.py;100.0;22;574_azala.py;100.0;
652_Lancelot_.py;23;414_Protosser.py;100.0;
499_ferrarima.py;24;371_uniqueptr.py;100.0;
751_aireenmei.py;25;370_turtlecurler.py;100.0;
343_Tonymontaro.py;26;711_3lGfB8IzA1.py;100.0;27;671_chuan-chih.py;100.0;
610_meizizi.py;28;334_BlackpinkLisa.py;100.0;
876_colwind.py;29;1014_keyyuan.py;100.0;
