100_flyman3046.java;0;352_window0105.java;100.0;1;354_window0105.java;100.0;2;101_flyman3046.java;100.0;
105_arignote.java;3;104_arignote.java;100.0;
104_2499370956.java;4;103_2499370956.java;100.0;
101_flyman3046.java;5;354_window0105.java;100.0;6;352_window0105.java;100.0;
208_necoramen.java;7;207_necoramen.java;100.0;
202_Neymars.java;8;201_Neymars.java;100.0;
188_aureole999.java;9;187_aureole999.java;100.0;
182_kasperyang.java;10;181_kasperyang.java;100.0;
156_anhpp.java;11;155_anhpp.java;100.0;
154_huntersjm.java;12;153_huntersjm.java;100.0;
153_hiromi_ayase.java;13;152_hiromi_ayase.java;100.0;
114_YuhanWu.java;14;113_yuhwu.java;100.0;
259_s3m7.java;15;258_s3m7.java;100.0;
254_mcy4ever.java;16;253_mcy4ever.java;100.0;
671_giggly.java;17;251_x372p.java;100.0;18;250_x372p.java;100.0;
251_x372p.java;19;250_x372p.java;100.0;
250_abhigyankole.java;20;249_abhigyankole.java;100.0;
248_kazuya-w.java;21;247_ks1.java;100.0;
227_codingteamnyu.java;22;226_codingteamnyu.java;100.0;
226_pranavgupta194.java;23;225_pranavgupta194.java;100.0;
222_zjlxxwh.java;24;221_zjlxxwh.java;100.0;
221_ToffeeLu.java;25;220_ToffeeLu.java;100.0;
220_HenryLee4.java;26;219_HenryLee4.java;100.0;
216_fnwjkm.java;27;215_fnwjkm.java;100.0;
215_bluesky999.java;28;214_bluesky999.java;100.0;
209_KKKXY.java;29;208_KKKXY.java;100.0;
